{"stats":{"minecraft:used":{"minecraft:redstone_torch":2,"minecraft:repeater":1,"minecraft:red_wool":20,"minecraft:redstone":14},"minecraft:custom":{"minecraft:jump":5,"minecraft:time_since_rest":1135587,"minecraft:leave_game":3,"minecraft:play_time":1135587,"minecraft:time_since_death":1135587,"minecraft:walk_one_cm":337,"minecraft:sneak_time":18637,"minecraft:total_world_time":2262184,"minecraft:fly_one_cm":3347842},"minecraft:picked_up":{"minecraft:repeater":1,"minecraft:redstone":4}},"DataVersion":3700}